,bought item,recommended item,support
0,light cream,chicken,0.004532728969470737
1,mushroom cream sauce,escalope,0.005732568990801226
2,pasta,escalope,0.005865884548726837
3,fromage blanc,honey,0.003332888948140248
4,herb & pepper,ground beef,0.015997866951073192
5,tomato sauce,ground beef,0.005332622317024397
6,light cream,olive oil,0.003199573390214638
7,whole wheat pasta,olive oil,0.007998933475536596
8,pasta,shrimp,0.005065991201173177
